[{"model": "worksheet.exercise", "pk": 1, "fields": {"name": "Standard Push-ups", "weight": false}}, {"model": "worksheet.exercise", "pk": 2, "fields": {"name": "Wide Front Pull-ups", "weight": false}}, {"model": "worksheet.exercise", "pk": 3, "fields": {"name": "Military Push-ups", "weight": false}}, {"model": "worksheet.exercise", "pk": 4, "fields": {"name": "Reverse Grip Chin-ups", "weight": false}}, {"model": "worksheet.exercise", "pk": 5, "fields": {"name": "Wide Fly Push-ups", "weight": false}}, {"model": "worksheet.exercise", "pk": 6, "fields": {"name": "Close Grip Overhand Pull-ups", "weight": false}}, {"model": "worksheet.exercise", "pk": 7, "fields": {"name": "Decline Push-ups", "weight": false}}, {"model": "worksheet.exercise", "pk": 8, "fields": {"name": "Heavy Pants", "weight": true}}, {"model": "worksheet.exercise", "pk": 9, "fields": {"name": "Diamond Push-ups", "weight": false}}, {"model": "worksheet.exercise", "pk": 10, "fields": {"name": "Lawnmowers", "weight": true}}, {"model": "worksheet.exercise", "pk": 11, "fields": {"name": "Dive-bomber Push-ups", "weight": false}}, {"model": "worksheet.exercise", "pk": 12, "fields": {"name": "Back Flys", "weight": true}}, {"model": "worksheet.exercise", "pk": 13, "fields": {"name": "Alternating Should Presses", "weight": true}}, {"model": "worksheet.exercise", "pk": 14, "fields": {"name": "In & Out Bicep Curls", "weight": true}}, {"model": "worksheet.exercise", "pk": 15, "fields": {"name": "Two-arm Tricep Kickbacks", "weight": true}}, {"model": "worksheet.exercise", "pk": 16, "fields": {"name": "Deep Swimmer's Presses", "weight": true}}, {"model": "worksheet.exercise", "pk": 17, "fields": {"name": "Full Supination Concentration Curls", "weight": true}}, {"model": "worksheet.exercise", "pk": 18, "fields": {"name": "Chair Dips", "weight": false}}, {"model": "worksheet.exercise", "pk": 19, "fields": {"name": "Upright Rows", "weight": true}}, {"model": "worksheet.exercise", "pk": 20, "fields": {"name": "Static Arm Curls", "weight": true}}, {"model": "worksheet.exercise", "pk": 21, "fields": {"name": "Flip-grip Twist Tricep Kickbacks", "weight": true}}, {"model": "worksheet.exercise", "pk": 22, "fields": {"name": "Two-angle Shoulder Flys", "weight": true}}, {"model": "worksheet.exercise", "pk": 23, "fields": {"name": "Crouching Cohen Curls", "weight": true}}, {"model": "worksheet.exercise", "pk": 24, "fields": {"name": "Lying-down Tricep Extensions", "weight": true}}, {"model": "worksheet.exercise", "pk": 25, "fields": {"name": "Balanced Lunges", "weight": true}}, {"model": "worksheet.exercise", "pk": 26, "fields": {"name": "Calf Raise Squats", "weight": true}}, {"model": "worksheet.exercise", "pk": 27, "fields": {"name": "Super Skaters", "weight": false}}, {"model": "worksheet.exercise", "pk": 28, "fields": {"name": "Wall Squat", "weight": false}}, {"model": "worksheet.exercise", "pk": 29, "fields": {"name": "Step Back Lunges", "weight": true}}, {"model": "worksheet.exercise", "pk": 30, "fields": {"name": "Alternating Side Lunges", "weight": true}}, {"model": "worksheet.exercise", "pk": 31, "fields": {"name": "Single Leg Wall Squat", "weight": false}}, {"model": "worksheet.exercise", "pk": 32, "fields": {"name": "Dead Lift Squats", "weight": false}}, {"model": "worksheet.exercise", "pk": 33, "fields": {"name": "Switch Grip Pull-ups", "weight": false}}, {"model": "worksheet.exercise", "pk": 34, "fields": {"name": "Three-way Lunges", "weight": false}}, {"model": "worksheet.exercise", "pk": 35, "fields": {"name": "Sneaky Lunges", "weight": false}}, {"model": "worksheet.exercise", "pk": 36, "fields": {"name": "Chair Salutations", "weight": false}}, {"model": "worksheet.exercise", "pk": 37, "fields": {"name": "Toe Row Iso Lunge", "weight": true}}, {"model": "worksheet.exercise", "pk": 38, "fields": {"name": "Groucho Walk", "weight": false}}, {"model": "worksheet.exercise", "pk": 39, "fields": {"name": "Calf Raises", "weight": true}}, {"model": "worksheet.exercise", "pk": 40, "fields": {"name": "80-20 Siebers Speed Squat", "weight": false}}, {"model": "worksheet.exercise", "pk": 41, "fields": {"name": "In & Out Straight-arm Shoulder Flys", "weight": true}}, {"model": "worksheet.exercise", "pk": 42, "fields": {"name": "Congdon Curls", "weight": true}}, {"model": "worksheet.exercise", "pk": 43, "fields": {"name": "Side Tri-rises", "weight": false}}, {"model": "worksheet.workout", "pk": 1, "fields": {"name": "Chest & Back", "repeat": true}}, {"model": "worksheet.workout", "pk": 2, "fields": {"name": "Shoulder & Arms", "repeat": true}}, {"model": "worksheet.workout", "pk": 3, "fields": {"name": "Legs & Back", "repeat": false}}, {"model": "worksheet.program", "pk": 1, "fields": {"workout": 1, "exercise": 1, "_order": 0}}, {"model": "worksheet.program", "pk": 2, "fields": {"workout": 1, "exercise": 2, "_order": 1}}, {"model": "worksheet.program", "pk": 3, "fields": {"workout": 1, "exercise": 3, "_order": 2}}, {"model": "worksheet.program", "pk": 4, "fields": {"workout": 1, "exercise": 4, "_order": 3}}, {"model": "worksheet.program", "pk": 5, "fields": {"workout": 1, "exercise": 5, "_order": 4}}, {"model": "worksheet.program", "pk": 6, "fields": {"workout": 1, "exercise": 6, "_order": 5}}, {"model": "worksheet.program", "pk": 7, "fields": {"workout": 1, "exercise": 7, "_order": 6}}, {"model": "worksheet.program", "pk": 8, "fields": {"workout": 1, "exercise": 8, "_order": 7}}, {"model": "worksheet.program", "pk": 9, "fields": {"workout": 1, "exercise": 9, "_order": 8}}, {"model": "worksheet.program", "pk": 10, "fields": {"workout": 1, "exercise": 10, "_order": 9}}, {"model": "worksheet.program", "pk": 11, "fields": {"workout": 1, "exercise": 11, "_order": 10}}, {"model": "worksheet.program", "pk": 12, "fields": {"workout": 1, "exercise": 12, "_order": 11}}, {"model": "worksheet.program", "pk": 13, "fields": {"workout": 2, "exercise": 13, "_order": 0}}, {"model": "worksheet.program", "pk": 14, "fields": {"workout": 2, "exercise": 14, "_order": 1}}, {"model": "worksheet.program", "pk": 15, "fields": {"workout": 2, "exercise": 15, "_order": 2}}, {"model": "worksheet.program", "pk": 16, "fields": {"workout": 2, "exercise": 16, "_order": 3}}, {"model": "worksheet.program", "pk": 17, "fields": {"workout": 2, "exercise": 17, "_order": 4}}, {"model": "worksheet.program", "pk": 18, "fields": {"workout": 2, "exercise": 18, "_order": 5}}, {"model": "worksheet.program", "pk": 19, "fields": {"workout": 2, "exercise": 19, "_order": 6}}, {"model": "worksheet.program", "pk": 20, "fields": {"workout": 2, "exercise": 20, "_order": 7}}, {"model": "worksheet.program", "pk": 21, "fields": {"workout": 2, "exercise": 21, "_order": 8}}, {"model": "worksheet.program", "pk": 22, "fields": {"workout": 2, "exercise": 22, "_order": 9}}, {"model": "worksheet.program", "pk": 23, "fields": {"workout": 2, "exercise": 23, "_order": 10}}, {"model": "worksheet.program", "pk": 24, "fields": {"workout": 2, "exercise": 24, "_order": 11}}, {"model": "worksheet.program", "pk": 25, "fields": {"workout": 2, "exercise": 41, "_order": 12}}, {"model": "worksheet.program", "pk": 26, "fields": {"workout": 2, "exercise": 42, "_order": 13}}, {"model": "worksheet.program", "pk": 27, "fields": {"workout": 2, "exercise": 43, "_order": 14}}, {"model": "worksheet.program", "pk": 28, "fields": {"workout": 3, "exercise": 25, "_order": 0}}, {"model": "worksheet.program", "pk": 29, "fields": {"workout": 3, "exercise": 26, "_order": 1}}, {"model": "worksheet.program", "pk": 30, "fields": {"workout": 3, "exercise": 4, "_order": 2}}, {"model": "worksheet.program", "pk": 31, "fields": {"workout": 3, "exercise": 27, "_order": 3}}, {"model": "worksheet.program", "pk": 32, "fields": {"workout": 3, "exercise": 28, "_order": 4}}, {"model": "worksheet.program", "pk": 33, "fields": {"workout": 3, "exercise": 2, "_order": 5}}, {"model": "worksheet.program", "pk": 34, "fields": {"workout": 3, "exercise": 29, "_order": 6}}, {"model": "worksheet.program", "pk": 35, "fields": {"workout": 3, "exercise": 30, "_order": 7}}, {"model": "worksheet.program", "pk": 36, "fields": {"workout": 3, "exercise": 6, "_order": 8}}, {"model": "worksheet.program", "pk": 37, "fields": {"workout": 3, "exercise": 31, "_order": 9}}, {"model": "worksheet.program", "pk": 38, "fields": {"workout": 3, "exercise": 32, "_order": 10}}, {"model": "worksheet.program", "pk": 39, "fields": {"workout": 3, "exercise": 33, "_order": 11}}, {"model": "worksheet.program", "pk": 40, "fields": {"workout": 3, "exercise": 34, "_order": 12}}, {"model": "worksheet.program", "pk": 41, "fields": {"workout": 3, "exercise": 35, "_order": 13}}, {"model": "worksheet.program", "pk": 42, "fields": {"workout": 3, "exercise": 4, "_order": 14}}, {"model": "worksheet.program", "pk": 43, "fields": {"workout": 3, "exercise": 36, "_order": 15}}, {"model": "worksheet.program", "pk": 44, "fields": {"workout": 3, "exercise": 37, "_order": 16}}, {"model": "worksheet.program", "pk": 45, "fields": {"workout": 3, "exercise": 2, "_order": 17}}, {"model": "worksheet.program", "pk": 46, "fields": {"workout": 3, "exercise": 38, "_order": 18}}, {"model": "worksheet.program", "pk": 47, "fields": {"workout": 3, "exercise": 39, "_order": 19}}, {"model": "worksheet.program", "pk": 48, "fields": {"workout": 3, "exercise": 6, "_order": 20}}, {"model": "worksheet.program", "pk": 49, "fields": {"workout": 3, "exercise": 40, "_order": 21}}, {"model": "worksheet.program", "pk": 50, "fields": {"workout": 3, "exercise": 33, "_order": 22}}, {"model": "worksheet.schedule", "pk": 1, "fields": {"day": 1, "workout": 1}}, {"model": "worksheet.schedule", "pk": 2, "fields": {"day": 2, "workout": 2}}, {"model": "worksheet.schedule", "pk": 3, "fields": {"day": 3, "workout": 3}}, {"model": "worksheet.schedule", "pk": 4, "fields": {"day": 4, "workout": 1}}, {"model": "worksheet.schedule", "pk": 5, "fields": {"day": 5, "workout": 2}}, {"model": "worksheet.schedule", "pk": 6, "fields": {"day": 6, "workout": 3}}]